Wall time,Step,Value
1677438868.737629,4,-21.647539138793945
1677440277.425197,18,-29.050704956054688
1677442566.156678,40,-14.981446266174316
1677443270.897678,47,-15.6561861038208
1677444661.417141,62,-21.349390029907227
1677444774.855039,63,-25.653093338012695
1677445649.024874,71,-20.36655616760254
1677446238.87453,77,-19.837158203125
1677446777.256719,82,-20.912710189819336
1677447313.505579,89,-126.47004699707031
1677448727.452691,103,-11.08114242553711
1677449164.43499,107,-10.042590141296387
1677450381.793905,121,-12.004284858703613
1677450987.231362,128,-22.09917449951172
1677451156.029408,130,91.7985610961914
1677453791.205078,157,-13.92784595489502
1677454118.7103,160,-21.086284637451172
1677454256.532158,162,100.17646026611328
1677454399.502019,164,-18.192523956298828
1677455250.125799,172,-19.845420837402344
1677457081.067533,191,-18.373456954956055
1677458288.044722,203,98.92691040039062
1677458452.233414,205,-122.42872619628906
1677460762.566446,229,-22.714752197265625
1677462144.656963,244,-10.504652976989746
1677462232.353725,245,88.11944580078125
1677463765.144219,259,-26.002031326293945
1677464917.771726,271,-23.681550979614258
1677465113.6078,274,99.60698699951172
1677465692.256181,282,96.36579895019531
1677465968.909698,285,99.4493637084961
1677467059.040384,295,-11.321465492248535
1677469228.25676,316,-26.522411346435547
1677469509.293264,319,93.94598388671875
1677469716.452239,322,-115.09860229492188
1677472007.509393,346,99.71220397949219
1677473065.986065,358,-13.31238842010498
1677473589.213142,364,-11.6652250289917
1677473755.831989,366,98.78416442871094
1677474714.781809,378,-18.807865142822266
1677475492.442381,386,-6.516305446624756
1677475821.321212,390,-14.160319328308105
1677476921.69141,402,-6.524427890777588
1677478054.727285,415,100.13812255859375
1677478762.081788,422,-26.587507247924805
1677480016.861269,436,96.41118621826172
1677480115.520539,437,92.05419158935547
1677480343.802528,439,-10.401872634887695
1677480909.867493,446,96.19062805175781
1677482234.732786,461,100.1830062866211
1677482548.776513,465,102.7239990234375
1677483393.249139,475,90.07642364501953
1677483886.274373,480,94.9942855834961
1677483993.703424,481,-21.583965301513672
1677484544.536813,487,-13.414955139160156
1677486686.314058,510,96.75335693359375
1677486833.718623,512,97.94038391113281
1677486952.221369,513,-30.532625198364258
1677487297.605164,517,-9.642722129821777
1677488729.976405,533,92.71025085449219
1677489095.936193,538,91.42825317382812
1677489250.101928,540,-13.509275436401367
1677490267.798263,552,-22.531679153442383
1677490615.025443,556,-10.67530345916748
1677491083.718219,562,-126.16617584228516
1677493125.38963,590,97.32740783691406
1677493505.975805,594,95.85595703125
1677493736.217392,596,-21.754552841186523
1677496566.584397,628,94.27323150634766
1677496675.696537,629,-25.864124298095703
1677497274.571413,637,-18.579124450683594
1677497734.90036,643,97.01904296875
1677497765.412245,644,101.9969482421875
1677499109.44607,658,-21.73160171508789
1677499844.342109,667,-24.22516632080078
1677500532.123968,675,-19.47158432006836
1677502150.88675,694,102.04344177246094
1677504157.164679,721,96.77085876464844
1677504578.208262,725,-23.40338134765625
1677506017.177999,744,99.589599609375
1677507852.059775,764,-12.28236198425293
1677508808.834856,775,98.75897216796875
1677508844.199238,776,100.9135971069336
1677509339.150576,782,88.24111938476562
1677509822.151379,788,98.81938934326172
1677511197.97881,804,-16.16836929321289
1677511229.387231,805,100.3356704711914
1677511403.846378,807,-22.767946243286133
1677512362.900196,819,97.6168212890625
1677513444.926975,832,-28.59123992919922
1677515337.717866,857,-10.276420593261719
1677516238.809186,866,-15.72032356262207
1677516645.081867,871,-26.386186599731445
1677517813.382617,886,100.24069213867188
1677518784.735185,897,-129.337646484375
1677519049.833089,901,-99.53704071044922
1677521136.807551,930,-26.17278289794922
1677522077.455549,942,-23.509180068969727
1677522549.369973,949,96.24307250976562
1677526232.139067,999,99.875
1677526504.17945,1002,-8.974043846130371
1677526714.981248,1004,87.5679702758789
1677527552.61772,1015,-23.339460372924805
1677528084.1336,1022,99.43629455566406
1677528339.520302,1026,94.20653533935547
1677528454.289977,1028,92.9007568359375
1677529016.610002,1037,103.009521484375
1677530655.788563,1056,96.87910461425781
1677531500.813057,1070,99.80458068847656
1677531610.44738,1071,-27.09454917907715
1677531779.729988,1073,97.20103454589844
1677532086.268612,1077,98.39500427246094
1677532837.613161,1086,101.11930847167969
1677533702.595611,1098,90.05091094970703
1677533908.321307,1102,99.94976043701172
1677534140.170955,1104,-11.657926559448242
1677534495.081549,1109,102.43843841552734
1677534620.000917,1111,92.43704986572266
1677535239.698831,1121,96.4955825805664
1677535531.716727,1125,95.69144439697266
1677536223.339998,1132,102.04029846191406
1677536346.145397,1134,96.8948974609375
1677537462.513064,1146,-11.537405014038086
1677537734.510514,1151,102.5106201171875
1677537758.906182,1152,99.04818725585938
1677538661.008879,1164,99.00359344482422
1677539516.355759,1174,-7.785787582397461
1677539696.178117,1176,-29.014205932617188
1677540351.024702,1184,94.85860443115234
1677540996.728975,1193,95.56665802001953
1677541015.136083,1194,100.99453735351562
1677542667.064285,1218,-120.04747772216797
1677543210.926233,1225,-24.586654663085938
1677544636.916713,1246,-19.919015884399414
1677544928.630033,1251,-122.82508087158203
1677544970.770314,1252,97.27444458007812
1677545191.120824,1254,-16.99481773376465
1677545297.93745,1257,100.7330093383789
1677545537.554359,1261,-14.007563591003418
1677545906.081252,1267,-15.632807731628418
1677546103.150442,1271,100.54595947265625
1677546657.517432,1276,-105.65958404541016
1677548183.266531,1298,-21.01190185546875
1677548828.732173,1306,93.70720672607422
1677549765.309238,1322,-25.669189453125
1677549879.651809,1325,102.44029998779297
1677551182.183126,1345,93.40677642822266
1677552259.942736,1360,99.1927261352539
1677552529.137515,1364,93.75776672363281
1677553317.952178,1375,102.26496887207031
1677553419.5804,1376,-10.180634498596191
1677556173.930604,1417,96.81973266601562
1677557510.778747,1438,98.01882934570312
1677557608.282205,1439,-23.62693977355957
1677558727.984686,1457,101.17131042480469
1677558757.84943,1458,101.0046615600586
1677559836.447326,1474,-6.843129634857178
1677560042.731296,1476,-12.148700714111328
1677560838.510471,1490,100.26065826416016
1677561087.6384,1494,95.61959838867188
1677561480.590137,1502,98.73016357421875
1677562075.84042,1510,95.18367004394531
1677562314.003982,1513,-10.228362083435059
1677562470.486522,1516,100.65609741210938
1677563258.300405,1528,94.93331146240234
1677564587.646522,1548,93.77501678466797
1677564827.280965,1551,-18.744842529296875
1677565898.056314,1565,-23.403541564941406
1677566132.701929,1568,101.46995544433594
1677566458.198664,1573,-22.15483283996582
1677566629.951153,1576,99.18382263183594
1677567347.51175,1585,-124.3783950805664
1677568072.480582,1596,-5.9503889083862305
1677568399.371492,1601,-25.535049438476562
1677568490.70275,1603,99.82780456542969
1677569917.870458,1627,101.36331939697266
1677570655.393539,1635,100.57552337646484
1677570790.11309,1637,98.40760040283203
1677572924.363506,1670,95.6661605834961
1677573595.874073,1679,-22.383975982666016
1677573974.075144,1685,96.23969268798828
1677574761.615865,1694,99.39544677734375
1677575379.65213,1702,99.88373565673828
1677575457.280452,1704,99.17020416259766
1677575637.263779,1707,103.7743148803711
1677575865.811321,1711,98.58418273925781
1677576378.506435,1718,98.29559326171875
1677578248.25396,1745,98.62476348876953
1677580317.619366,1775,101.06798553466797
1677580400.076149,1777,-99.80850982666016
1677581147.363796,1789,95.25553131103516
1677581325.050971,1792,-23.646413803100586
1677582030.012097,1800,-20.353269577026367
1677585127.969519,1847,98.41796112060547
1677585348.850209,1851,-21.278892517089844
1677585846.337544,1860,-24.672325134277344
1677586024.146373,1865,101.29102325439453
1677586122.86996,1867,96.94686889648438
1677587506.511991,1888,100.28679656982422
1677588158.49854,1899,93.22577667236328
1677588384.749742,1902,94.79448699951172
1677588832.077885,1908,-127.58686065673828
1677588900.235849,1909,92.63578033447266
1677589736.800345,1924,98.03569030761719
1677590480.142664,1936,101.80340576171875
1677590683.454361,1940,102.07665252685547
1677591016.379184,1945,-17.98866081237793
1677591106.354685,1947,99.01268768310547
1677591891.98532,1960,97.32991027832031
1677591938.089899,1961,-116.89900207519531
1677592317.752631,1966,100.91014862060547
1677593199.96258,1977,99.58935546875
1677593330.582277,1979,99.0565185546875
1677593845.778575,1987,-28.661415100097656
1677598593.961177,2070,100.58988189697266
1677599209.630573,2079,99.80464172363281
1677599747.028425,2089,99.5528564453125
1677600488.338425,2100,-126.0237045288086
1677601189.405923,2114,98.107421875
1677601303.948179,2115,-19.986982345581055
1677601532.833174,2119,101.45753479003906
1677601572.129595,2120,100.95144653320312
1677602026.446296,2127,95.50493621826172
1677602755.638369,2139,100.92729187011719
1677604562.226676,2169,100.6575698852539
1677606001.322692,2194,100.99032592773438
1677607112.577161,2209,101.9170150756836
1677607569.598041,2215,-20.641281127929688
1677608692.066383,2239,100.378173828125
1677609156.078615,2244,89.03947448730469
1677611243.824976,2281,97.9209976196289
1677613204.74741,2316,-127.8727035522461
1677613374.988764,2319,101.410400390625
1677614724.389501,2342,100.49774169921875
1677615915.040008,2359,-14.594326972961426
1677617594.58193,2389,-14.667743682861328
1677617870.26691,2393,-23.873611450195312
1677617918.033125,2394,102.24299621582031
1677620773.15359,2436,100.71388244628906
1677621124.269515,2441,100.53661346435547
1677622016.351538,2454,-11.439558982849121
1677622457.22164,2462,99.07445526123047
1677622706.160304,2465,-18.586524963378906
1677624047.675781,2485,100.44837951660156
1677624612.670098,2493,100.45457458496094
1677624937.99311,2498,92.29395294189453
1677625170.258537,2503,99.91889190673828
1677626132.960256,2517,99.91203308105469
1677626217.418638,2519,101.06458282470703
1677626898.442126,2528,98.41752624511719
1677627044.59093,2530,90.93699645996094
1677629159.31173,2566,102.40390014648438
1677629799.21978,2577,98.43256378173828
1677629825.070322,2578,101.34274291992188
1677630352.735351,2588,101.97021484375
1677630963.388704,2599,102.7169189453125
1677631513.324307,2606,-25.362592697143555
1677632127.699749,2619,99.1671142578125
1677632546.47022,2627,-19.829345703125
1677632592.560296,2628,102.82711791992188
1677632975.721814,2635,99.40714263916016
1677633192.859368,2639,95.88615417480469
1677633549.781506,2643,-27.229658126831055
1677634644.802855,2662,-14.73399543762207
1677634970.76687,2670,92.83943939208984
1677635012.730945,2671,99.32669830322266
1677635182.038946,2674,99.5896987915039
1677635617.98865,2681,-29.975662231445312
1677635752.206625,2684,100.38630676269531
1677635890.418893,2686,-8.28067684173584
1677636068.325641,2689,99.39378356933594
1677636331.431004,2693,101.64570617675781
1677637005.443437,2702,-116.9193344116211
1677637367.821925,2708,99.52951049804688
1677637834.317109,2713,-125.60704040527344
1677638048.673821,2717,-20.111936569213867
1677638612.461055,2729,-100.87517547607422
1677638732.162006,2730,-21.787832260131836
1677638961.561715,2734,101.52528381347656
1677639289.28734,2739,99.3301773071289
1677639360.612009,2740,-121.75797271728516
1677640076.308353,2753,101.20820617675781
1677640118.139125,2754,101.25889587402344
1677640138.621892,2755,100.31827545166016
1677640441.327016,2760,-18.688247680664062
1677640709.280443,2765,102.55608367919922
1677641044.978439,2768,-21.753986358642578
1677641749.325022,2778,-23.441585540771484
1677642140.782689,2785,100.99569702148438
1677643884.060292,2812,-23.511201858520508
1677645188.158217,2834,96.64555358886719
1677645829.194191,2844,97.9677505493164
1677646986.646207,2861,98.03294372558594
1677647088.149302,2862,-7.145863056182861
1677648207.049015,2881,-22.308549880981445
1677650541.277169,2918,97.64386749267578
1677650624.516332,2921,98.05481719970703
1677651333.986707,2934,96.83555603027344
1677652554.625984,2952,-18.479820251464844
1677652724.764041,2955,98.18687438964844
1677653175.589745,2962,102.61970520019531
1677653291.131164,2965,97.92182159423828
1677653768.950888,2973,98.77788543701172
1677654481.488905,2986,-122.614013671875
1677655081.163708,2996,94.42008972167969
1677656322.237479,3019,97.95897674560547
1677657139.067627,3034,102.25393676757812
1677657679.914488,3047,98.85411834716797
1677659713.229011,3083,101.23131561279297
1677659764.305855,3084,100.02547454833984
1677660607.032253,3103,95.94697570800781
1677660625.380108,3104,100.69602966308594
1677660645.902001,3105,100.38710021972656
1677661126.358747,3115,100.0239028930664
1677661384.808349,3119,101.32832336425781
1677661427.713941,3120,99.90074920654297
1677661514.46971,3121,89.26007843017578
1677661829.027303,3126,98.39259338378906
1677661906.016552,3128,101.50151824951172
1677662731.234223,3145,103.02400970458984
1677664502.90389,3173,98.62123107910156
1677664800.142948,3178,102.11415100097656
1677665315.464228,3192,103.62869262695312
1677665648.650806,3199,101.3017807006836
1677665882.579746,3204,102.00416564941406
1677666625.317316,3217,-119.32598114013672
1677666767.040121,3220,99.35858154296875
1677666864.571009,3222,93.40695190429688
1677667095.839223,3229,100.95938873291016
1677667655.948251,3241,98.81175994873047
1677668887.891385,3265,101.3597640991211
1677669133.553179,3268,-23.04499626159668
1677671850.045608,3306,-19.162883758544922
1677673620.855698,3340,95.73211669921875
1677674672.694474,3356,99.26564025878906
1677675560.081536,3374,102.96058654785156
1677675818.945686,3379,-12.224616050720215
1677676298.841484,3384,-24.388078689575195
1677676321.652481,3385,102.48609924316406
1677676836.822125,3393,-126.7574691772461
1677677577.693264,3404,97.40506744384766
1677678506.566417,3418,99.76655578613281
1677678959.145529,3426,-25.305633544921875
1677679393.202521,3434,100.5563735961914
1677679813.556083,3439,-20.952531814575195
1677681083.252812,3461,91.28559875488281
1677681561.488345,3468,100.23065185546875
1677682521.899621,3483,102.22244262695312
1677682554.429796,3484,100.31803894042969
1677682592.211137,3485,102.68014526367188
1677683071.742208,3491,103.51282501220703
1677683156.158361,3493,97.93378448486328
1677683473.574979,3500,95.160888671875
1677685149.652814,3526,99.55980682373047
1677685975.554412,3544,98.27531433105469
1677686334.236653,3550,-20.75937843322754
1677687634.523959,3566,-21.54041290283203
1677687811.007573,3569,99.22261810302734
1677688045.986517,3576,98.85523986816406
1677688972.154276,3588,100.0035171508789
1677689542.262001,3600,98.85637664794922
1677690044.190275,3613,100.27861785888672
1677690074.440188,3614,99.47564697265625
1677690158.590028,3616,94.11063385009766
1677690951.374717,3630,-17.807607650756836
1677692274.352143,3654,98.13896179199219
1677692440.349498,3657,98.49760437011719
1677692520.367023,3659,100.62013244628906
1677692616.141056,3661,102.14628601074219
1677692860.276522,3664,-17.828550338745117
1677693170.941872,3668,-121.60840606689453
1677693436.104353,3671,101.13301849365234
1677694512.991338,3690,101.8133773803711
1677695181.95348,3700,98.53328704833984
1677695723.141476,3712,99.15289306640625
1677695910.32037,3717,99.80950164794922
1677697541.684763,3745,97.1339111328125
1677697615.912024,3746,95.97517395019531
1677697778.072635,3748,-18.059900283813477
1677698026.563955,3753,-119.37257385253906
1677698054.466322,3754,100.69204711914062
1677698460.896656,3761,95.66704559326172
1677698590.680214,3763,104.02371215820312
1677699698.419847,3782,101.21918487548828
1677699752.48301,3783,99.21572875976562
1677700009.103344,3787,93.49308013916016
1677700236.741334,3790,99.46754455566406
1677701608.801854,3813,100.53196716308594
1677702142.796072,3823,96.39827728271484
1677703300.235668,3848,102.169189453125
1677703453.068453,3850,95.07926940917969
1677704051.524272,3860,101.07975006103516
1677704719.303103,3869,-12.81161117553711
1677706668.342785,3902,99.42250061035156
1677707241.68214,3911,88.02062225341797
1677707414.490197,3915,102.31680297851562
1677707651.091762,3921,100.62551879882812
1677708389.710674,3933,102.11937713623047
1677708478.380466,3936,100.68926239013672
1677709492.206428,3953,98.67599487304688
1677709693.49265,3957,101.44816589355469
1677710305.426798,3966,-25.431411743164062
1677710718.74508,3975,100.26170349121094
1677711073.948529,3981,101.99089813232422
1677713048.666569,4012,98.75711822509766
1677713133.354621,4014,104.05333709716797
1677713995.596305,4023,-24.877012252807617
1677714612.963046,4034,100.8179931640625
1677714932.931601,4040,96.77734375
1677715309.442468,4047,102.14102172851562
1677717364.509962,4084,101.4130859375
1677718787.118646,4109,99.60958862304688
1677719208.968796,4115,97.14662170410156
1677719598.643093,4121,101.10066223144531
1677719771.999429,4124,-25.251176834106445
1677721057.490739,4146,101.5993423461914
1677721651.479994,4156,101.90875244140625
1677723147.002313,4181,100.6961441040039
1677723690.142897,4192,100.7643051147461
1677724488.377685,4207,99.50082397460938
1677725179.987944,4221,99.65054321289062
1677725540.854858,4227,-25.573352813720703
1677726308.015594,4246,99.65206909179688
1677726436.942661,4249,102.43985748291016
1677726539.947613,4252,101.65159606933594
1677726886.227622,4257,99.66654205322266
1677728397.84747,4281,99.9019775390625
1677730252.290236,4318,101.22364807128906
1677730513.329796,4323,100.26254272460938
1677730775.215286,4328,103.34107208251953
1677731246.155206,4334,91.47331237792969
1677733351.931153,4376,100.11035919189453
1677733467.46969,4379,101.8515625
1677734408.511093,4395,-20.44944190979004
1677734904.55518,4403,100.74103546142578
1677735132.063141,4407,98.05744934082031
1677735978.856053,4422,99.21636962890625
1677736111.781528,4424,92.65852355957031
1677736695.685263,4435,98.56744384765625
1677737095.697206,4443,101.12393951416016
1677737692.783723,4454,93.02450561523438
1677738304.939588,4466,102.47162628173828
1677739743.548401,4489,101.12507629394531
1677740069.398329,4495,95.25000762939453
1677741683.179763,4525,101.23407745361328
1677742255.035301,4535,102.62639617919922
1677742485.436993,4539,97.38459014892578
1677743616.07536,4564,100.91912841796875
1677743840.244866,4568,102.27992248535156
1677744280.158358,4574,101.89437866210938
1677744678.957065,4582,99.41822814941406
1677746154.517087,4606,96.45984649658203
1677746260.831849,4609,102.07212829589844
1677746461.281852,4612,101.75184631347656
1677748312.69919,4649,98.23512268066406
1677748543.244421,4654,101.4852294921875
1677748763.70449,4658,100.18949890136719
1677748781.123531,4659,100.61570739746094
1677749013.990124,4662,102.20618438720703
1677749369.719571,4667,-19.674222946166992
1677749862.006204,4678,97.99004364013672
1677750325.906875,4686,-27.109500885009766
1677750506.927291,4690,99.41659545898438
1677750669.569446,4692,-18.576921463012695
1677751212.072816,4698,-10.659852981567383
1677751868.418255,4706,-10.071985244750977
1677751911.00617,4707,100.81027221679688
1677752224.996812,4713,100.11784362792969
1677752424.583619,4716,96.56411743164062
1677753189.962597,4730,100.29100036621094
1677753513.179,4737,101.11016845703125
1677755030.150926,4759,96.15239715576172
1677755455.140035,4766,102.62133026123047
1677755837.547517,4772,101.4583969116211
1677756132.440685,4776,-22.130531311035156
1677756163.610266,4777,99.1610336303711
1677757541.803625,4804,100.4180908203125
1677757637.706759,4807,101.33454895019531
1677757778.032241,4810,96.88787841796875
1677758062.436008,4814,-19.920040130615234
1677758790.146815,4830,98.80472564697266
1677758934.767131,4832,99.34317016601562
1677759027.861567,4834,93.15768432617188
1677759127.146711,4835,93.00812530517578
1677759163.63902,4836,101.33661651611328
1677759707.214771,4844,96.39573669433594
1677761658.038407,4882,100.52763366699219
1677762334.711404,4895,102.88477325439453
1677763546.955168,4910,-20.183578491210938
1677764406.306937,4929,102.88619232177734
1677764665.630377,4933,100.35679626464844
1677764997.160193,4940,-128.73199462890625
1677765168.142874,4944,99.5463638305664
1677765439.152068,4949,90.01907348632812
1677767413.65611,4980,98.381591796875
1677768088.630997,4990,97.54539489746094
1677768197.332776,4991,-12.00864028930664
1677769796.52007,5023,-125.08938598632812
1677771135.852291,5047,101.36861419677734
1677771840.862541,5061,97.13304138183594
1677772006.457037,5066,102.2698745727539
1677772619.857496,5079,98.00738525390625
1677772729.467922,5080,-12.10313892364502
1677773098.27088,5088,101.77044677734375
1677773194.15193,5090,96.90913391113281
1677773512.42139,5095,93.16297149658203
1677775577.00595,5132,101.08486938476562
1677775694.21934,5136,99.57608032226562
1677776056.051047,5140,-10.520185470581055
1677776522.654293,5151,101.1551513671875
1677776635.407809,5152,-18.174779891967773
1677776782.280393,5154,99.61717224121094
1677776803.086915,5155,101.01202392578125
1677778749.048999,5187,99.28630065917969
1677779321.01423,5198,97.911376953125
1677779398.676814,5200,101.34756469726562
1677779547.429674,5205,100.91998291015625
1677779620.145494,5207,99.98400115966797
1677779874.671252,5212,94.45575714111328
1677780222.81636,5218,96.69082641601562
1677780549.297723,5225,103.24673461914062
1677781408.618867,5238,102.66073608398438
1677782232.602537,5253,101.63019561767578
1677782504.019515,5258,100.74569702148438
1677782776.886557,5262,-26.820158004760742
1677782921.448263,5265,92.62403869628906
1677784056.526731,5286,99.8129653930664
1677784768.834306,5295,-20.522964477539062
1677785967.306868,5318,98.28931427001953
1677786076.985635,5319,-16.749168395996094
1677786251.567647,5322,101.35051727294922
1677786363.170461,5324,91.87688446044922
1677786606.290965,5328,-25.713071823120117
1677786867.473843,5334,98.2580795288086
1677788646.203611,5362,101.34640502929688
1677788982.822014,5370,97.3651123046875
1677790136.997943,5393,98.50727081298828
1677790608.147518,5402,-26.954662322998047
1677790637.657815,5403,101.23561096191406
1677791530.647546,5417,99.57848358154297
1677791911.636507,5424,89.30380249023438
1677793231.958524,5445,-22.829206466674805
1677793634.427358,5452,91.34398651123047
1677793814.235805,5454,91.22569274902344
1677793909.60451,5457,103.21575927734375
1677793981.567529,5459,97.9198226928711
1677796432.878594,5504,-18.73546028137207
1677796681.313182,5509,100.25482940673828
1677796721.097641,5510,101.58426666259766
1677797050.918738,5517,99.52740478515625
1677797285.106124,5521,99.49623107910156
1677797342.807971,5523,102.2243423461914
1677798678.003226,5545,97.3426284790039
1677800053.66718,5567,101.06930541992188
1677802356.898246,5604,99.52388000488281
1677804684.858861,5643,99.35530090332031
1677805203.624426,5653,98.81316375732422
1677806024.14499,5667,101.43429565429688
1677807034.009077,5687,-23.303861618041992
1677809132.358512,5723,99.5279541015625
1677809397.677248,5730,100.44434356689453
1677809873.557332,5740,100.94636535644531
1677810657.078086,5752,-21.390239715576172
1677810912.326961,5755,-22.056058883666992
1677811050.868733,5757,88.91040802001953
1677811092.103999,5758,102.55443572998047
1677811892.615472,5772,98.24146270751953
1677812205.338693,5781,102.15605163574219
1677812598.410694,5789,98.2947006225586
1677815068.247011,5832,102.7636947631836
1677816906.023308,5866,102.22527313232422
1677817458.964208,5879,97.58537292480469
1677817548.300572,5880,93.52924346923828
1677817610.107326,5882,99.172119140625
1677821026.606223,5948,101.8558578491211
1677821286.697201,5953,100.47621154785156
1677821389.121633,5956,100.3397216796875
1677821983.234827,5964,103.25494384765625
1677823038.80616,5981,99.95997619628906
1677823536.10056,5990,-20.987173080444336
1677824117.82075,5997,-25.787208557128906
1677824325.45613,6003,99.74835968017578
1677824582.751952,6009,101.81999206542969
1677824612.021488,6010,100.0
1677826681.184113,6045,101.78833770751953
1677827184.235955,6053,-18.881793975830078
1677828326.676574,6076,100.83849334716797
1677828414.745247,6078,101.18716430664062
1677828454.860407,6079,100.59046936035156
1677829709.248197,6107,102.14219665527344
1677829902.028198,6111,101.45984649658203
1677829956.6393,6113,99.17500305175781
1677831218.529578,6133,100.18690490722656
1677831432.120587,6138,102.69281768798828
1677831612.039508,6140,98.54960632324219
1677831712.477476,6142,-120.91240692138672
1677833117.225728,6168,100.95527648925781
1677835311.835477,6205,100.59039306640625
1677835606.550029,6211,100.40620422363281
1677835976.611735,6221,101.22527313232422
1677836106.255684,6225,99.71400451660156
1677836365.233234,6229,99.74604797363281
1677836819.907381,6236,96.91704559326172
1677837128.24599,6243,103.80908966064453
1677837464.610581,6251,-27.6131649017334
1677839126.667216,6279,101.35343933105469
1677839202.542011,6281,100.80073547363281
1677839651.452432,6288,101.00410461425781
1677840068.033204,6296,-107.85610961914062
1677840104.480359,6297,97.627197265625
1677840241.573213,6300,100.6058578491211
1677840841.38809,6314,101.29792785644531
1677841304.211033,6328,100.36872863769531
1677841449.543428,6332,102.0982894897461
1677841490.993977,6334,100.68777465820312
1677842029.380743,6347,100.51163482666016
1677842589.405031,6358,95.90113830566406
1677842626.229137,6359,102.28675842285156
1677842980.888246,6364,101.37589263916016
1677843109.171236,6366,101.15560913085938
1677843265.816003,6369,98.87919616699219
1677844984.747868,6406,102.4048080444336
1677845994.544394,6424,98.36687469482422
1677847132.140275,6443,101.08795166015625
1677847443.849145,6449,-20.109954833984375
1677847822.891367,6459,101.9014663696289
1677848614.05691,6473,101.09379577636719
1677849604.718869,6491,100.49756622314453
1677849847.974697,6494,-17.99016761779785
1677849899.288769,6495,97.86965942382812
1677851544.812159,6528,100.82450103759766
1677851705.553282,6531,99.28975677490234
1677852109.112656,6540,102.41234588623047
1677852394.637278,6546,99.72395324707031
1677852655.106997,6551,98.69110870361328
1677852715.434382,6552,97.25350952148438
1677853310.456213,6564,92.81968688964844
1677853669.880429,6569,-18.979429244995117
1677854734.828314,6585,-21.960264205932617
1677854956.909397,6590,99.35661315917969
1677855157.147628,6595,101.18769836425781
1677855383.85449,6599,99.04539489746094
1677856199.050168,6615,100.33554077148438
1677856922.467164,6629,101.1741714477539
1677858231.781614,6649,99.3265609741211
1677858859.522236,6661,103.83435821533203
1677859474.600537,6673,98.96607208251953
1677861679.895855,6708,100.82454681396484
1677862057.171804,6715,99.60260009765625
1677862254.435466,6720,100.45613861083984
1677862332.343879,6722,101.11167907714844
1677862473.944733,6724,-25.436660766601562
1677862770.809618,6730,103.0406723022461
1677863035.694401,6734,92.57664489746094
1677863992.063999,6750,97.5837631225586
1677864552.825709,6761,97.0008316040039
1677864676.60111,6763,100.7396240234375
1677865201.152968,6776,101.5344009399414
1677865670.432185,6785,-16.37384605407715
1677866543.619779,6802,102.47869873046875
1677867428.922561,6821,101.27921295166016
1677868103.112749,6831,101.48958587646484
1677868457.003629,6837,101.32672119140625
1677868664.658308,6842,102.70894622802734
1677868764.838177,6844,97.75570678710938
1677868984.317419,6850,100.77215576171875
1677869614.981939,6859,-19.2170352935791
1677870490.882966,6875,99.58517456054688
1677872454.861761,6914,-16.551044464111328
1677872530.064386,6916,102.5018539428711
1677872786.699799,6919,-16.140949249267578
1677873565.263271,6930,90.36795043945312
1677873817.411915,6937,103.45856475830078
1677875230.915743,6959,102.37431335449219
1677876006.72336,6975,98.2675552368164
1677876827.243945,6991,100.1595230102539
1677877100.264215,6996,99.45439147949219
1677877214.684129,6998,96.31260681152344
1677877448.153847,7001,98.108642578125
1677878011.290197,7012,100.12327575683594
1677878222.867581,7018,100.51477813720703
1677878827.246881,7028,102.21142578125
1677878858.247086,7029,99.88941192626953
1677879865.405489,7044,99.83426666259766
1677880314.23676,7053,101.82171630859375
1677880379.686646,7054,98.73977661132812
1677882363.670173,7087,97.25845336914062
1677883743.679903,7110,-104.40693664550781
1677884163.566463,7117,101.27910614013672
1677884286.041472,7120,101.48406219482422
1677884581.963862,7126,101.25594329833984
1677886357.824021,7164,99.99755096435547
1677887042.716616,7177,101.3152084350586
1677887163.503885,7178,-19.743579864501953
1677887277.770783,7180,99.52851104736328
1677887563.063289,7186,100.7926025390625
1677887755.213467,7189,99.92108154296875
1677888708.219964,7207,100.06196594238281
1677889797.389163,7225,100.74282836914062
1677891087.310395,7249,101.5167007446289
1677891338.005561,7253,101.10944366455078
1677891756.952803,7265,100.85868835449219
1677892120.943941,7274,100.71259307861328
1677893256.264824,7293,-17.99705696105957
1677893708.424559,7302,98.84754180908203
1677893999.043383,7308,100.72846984863281
1677895349.365019,7334,101.49922943115234
1677895624.815155,7338,100.49798583984375
1677895857.547172,7340,-18.00052261352539
1677896527.007542,7353,-21.65523910522461
1677896802.653591,7358,102.35778045654297
1677897031.118931,7363,98.33988189697266
1677897326.034872,7367,99.6939468383789
1677897865.863533,7377,100.98973846435547
1677898335.642259,7385,99.43362426757812
1677899703.92322,7417,-19.40275001525879
1677900152.633165,7424,-23.545730590820312
1677900658.107779,7435,99.10266876220703
1677900703.99535,7436,101.64327239990234
1677900819.292251,7439,99.67399597167969
1677901004.23678,7442,105.05892181396484
1677901908.842405,7460,100.70010375976562
1677902239.724345,7464,-14.843194961547852
1677902569.538753,7468,97.91654968261719
1677902719.998038,7470,-14.39700984954834
1677903239.248472,7482,101.58406066894531
1677904229.347707,7506,101.98504638671875
1677905236.671036,7518,96.87205505371094
1677905572.827571,7526,99.04882049560547
1677905927.798501,7532,99.16236114501953
1677906402.927009,7543,92.8020248413086
1677906902.734172,7551,102.21212005615234
1677907049.081224,7553,103.5904312133789
1677907262.34942,7559,100.06599426269531
1677907554.887795,7565,100.6429672241211
1677908130.152805,7577,102.35922241210938
1677908834.214916,7593,100.70948028564453
1677909134.061462,7600,101.00234985351562
1677909176.97553,7602,100.5230941772461
1677909332.482465,7604,102.46823120117188
1677909449.900153,7607,99.11129760742188
1677911230.920309,7638,-9.608003616333008
1677911261.579249,7639,100.02029418945312
1677911657.12978,7644,-23.842870712280273
1677912269.204907,7658,-20.621978759765625
1677912395.701866,7660,-19.120121002197266
1677912433.580722,7661,99.52020263671875
1677913517.171715,7685,100.29075622558594
1677915394.5604,7721,102.9408187866211
1677915604.289851,7727,98.90380859375
1677915694.24483,7728,93.1048583984375
1677915784.23568,7730,97.20486450195312
1677916945.891658,7756,98.00895690917969
1677916976.562635,7757,98.93289184570312
1677917146.442431,7760,101.65875244140625
1677917171.500401,7761,99.80143737792969
1677918982.661576,7794,102.70783996582031
1677919100.844153,7795,-19.335412979125977
1677919783.418416,7809,-117.8938217163086
1677920428.9084,7821,99.90258026123047
1677921165.950329,7838,100.36161804199219
1677921293.034666,7842,98.83888244628906
1677921792.495432,7850,101.31831359863281
1677922044.252144,7855,100.339599609375
1677922141.526977,7856,88.94763946533203
1677922387.211982,7862,101.98186492919922
1677923212.532303,7882,100.30394744873047
1677923996.104639,7895,-18.43471908569336
1677924268.444869,7901,100.79814147949219
1677924844.522963,7916,99.59686279296875
1677924868.443953,7917,102.15667724609375
1677925477.929346,7926,103.1064682006836
1677925602.579401,7928,102.17768859863281
1677925657.763456,7929,98.5708236694336
1677926052.363252,7936,99.41156768798828
1677928766.367066,7986,100.97930145263672
1677930889.247478,8026,99.68310546875
1677931081.707932,8029,94.52291107177734
1677931102.004072,8030,100.31812286376953
1677931190.138181,8032,102.41504669189453
1677931899.507474,8046,99.2613296508789
1677932276.191006,8054,102.65086364746094
1677932991.332343,8065,-11.403475761413574
1677933451.500356,8077,101.22540283203125
1677933503.298324,8078,99.19388580322266
1677933904.67201,8085,100.85797119140625
1677934464.906734,8096,95.69629669189453
1677935748.544001,8122,102.88274383544922
1677936186.829018,8130,-26.945810317993164
1677936862.539309,8142,-26.199377059936523
1677936912.959426,8144,100.04944610595703
1677937117.02758,8149,100.70848083496094
1677937756.488136,8163,101.15887451171875
1677937853.810858,8164,-129.30615234375
1677937985.340335,8166,97.65251159667969
1677939133.65834,8185,101.65328979492188
1677939458.234791,8192,101.52352905273438
1677939829.56462,8200,93.56024932861328
1677939872.892572,8201,97.78939056396484
1677940724.549846,8216,99.87942504882812
1677940833.230037,8217,-18.454065322875977
1677941588.909154,8229,-125.4551010131836
1677941620.364568,8230,104.85260009765625
1677942897.557342,8255,97.71570587158203
1677944163.388378,8277,100.49706268310547
1677944579.155036,8283,-21.878461837768555
1677944769.739811,8286,103.07041931152344
1677944890.737588,8287,-9.964276313781738
1677945166.251973,8291,102.28729248046875
1677945356.816521,8296,100.41476440429688
1677945635.769265,8301,98.03173828125
1677948035.484381,8349,101.26920318603516
1677948184.151869,8352,103.60970306396484
1677948685.388919,8363,102.17626190185547
1677948888.272698,8366,100.93949127197266
1677949201.720225,8372,98.2133560180664
1677949488.853569,8377,-14.549346923828125
1677949820.900692,8385,95.84620666503906
1677950554.688631,8397,101.804931640625
1677951332.682171,8411,-19.069580078125
1677951637.221248,8416,99.632080078125
1677952711.932665,8436,96.6982192993164
1677953766.936681,8456,-22.254730224609375
1677953872.564025,8457,-15.821301460266113
1677953977.859037,8461,101.33719635009766
1677955505.911871,8491,-17.54550552368164
1677956239.516373,8504,-23.155811309814453
1677956983.742547,8521,94.94075775146484
1677957543.996851,8530,98.64720916748047
1677957959.160314,8539,96.97776794433594
1677958573.067549,8548,-21.29033088684082
1677958890.338556,8554,100.86627960205078
1677958913.536951,8555,99.21089172363281
1677959468.082174,8563,-21.1174259185791
1677961513.494405,8601,-15.108224868774414
1677961692.055546,8606,102.49642944335938
1677962209.049157,8618,104.38113403320312
1677962442.654472,8620,-15.699572563171387
1677962550.596938,8621,-13.611489295959473
1677963050.889899,8627,-17.6914005279541
1677964995.452157,8659,-23.443857192993164
1677965224.10866,8663,95.31026458740234
1677966944.453939,8694,100.32601928710938
1677967332.616902,8700,95.6162109375
1677968163.043982,8713,97.67790222167969
1677968490.306577,8718,102.04713439941406
1677968879.655621,8724,99.11202239990234
1677969873.997932,8744,99.87199401855469
1677970328.327494,8752,100.73309326171875
1677970491.55221,8754,103.94672393798828
1677971472.403982,8776,101.34180450439453
1677971557.979741,8778,97.97050476074219
1677971930.293082,8788,98.55581665039062
1677972426.929346,8799,101.41175079345703
1677972552.344251,8803,103.8546371459961
1677972689.499703,8805,-16.805950164794922
1677972946.384285,8812,100.52690887451172
1677973324.204708,8820,104.95398712158203
1677973525.034642,8823,99.11107635498047
1677974117.468253,8833,-22.382308959960938
1677975622.043027,8865,101.44375610351562
1677975919.225169,8870,90.1231689453125
1677976281.434439,8877,98.19718170166016
1677976963.71272,8888,-15.991619110107422
1677977209.030373,8894,101.36996459960938
1677977594.847047,8901,99.42791748046875
1677978316.76998,8912,92.88865661621094
1677978568.204066,8917,102.25947570800781
1677978736.89306,8921,97.77760314941406
1677979787.049883,8940,101.60874938964844
1677981145.590168,8966,-11.101648330688477
1677981457.383054,8970,96.04370880126953
1677982040.044892,8979,91.3863754272461
1677982360.104903,8985,-19.96413230895996
1677982472.554565,8986,-11.360679626464844
1677982645.889185,8990,101.54383850097656
1677983519.613786,9006,96.40386962890625
1677984527.099102,9022,97.49482727050781
1677985204.850008,9033,94.4453353881836
1677985951.613924,9049,98.66492462158203
1677986328.744189,9058,101.39543914794922
1677986693.549226,9065,-19.413869857788086
1677986922.470472,9070,101.39629364013672
1677989107.405207,9117,89.89873504638672
1677989336.489701,9121,98.2834243774414
1677990758.168363,9152,100.75248718261719
1677991142.464347,9160,102.83619689941406
1677991249.571766,9161,-21.646982192993164
1677991308.671939,9163,102.94925689697266
1677991344.987532,9164,102.15533447265625
1677992597.812062,9187,101.13883972167969
1677992705.29015,9190,98.85459899902344
1677992840.263505,9193,103.01807403564453
1677993159.535,9200,-9.140987396240234
1677993293.422211,9203,99.51619720458984
1677993591.494376,9208,95.89958190917969
1677993767.640938,9212,100.01338958740234
1677994170.502501,9221,-120.8720703125
1677994268.206521,9222,-18.22863006591797
1677994468.43096,9226,101.55020904541016
1677994861.660849,9234,94.23372650146484
1677995744.631507,9248,97.3899917602539
1677995862.234658,9252,102.13203430175781
1677995971.564326,9253,-21.041372299194336
1677997920.637347,9291,104.29401397705078
1677998427.362752,9303,101.08663940429688
1677998500.540328,9305,101.62483215332031
1677998816.342148,9312,100.87553405761719
1677999343.963897,9322,101.00190734863281
1677999366.62224,9323,100.35193634033203
1677999577.204479,9327,100.9142074584961
1677999669.614541,9329,101.62721252441406
1677999865.993472,9333,93.07771301269531
1678000008.641558,9336,87.22772216796875
1678000370.675349,9345,100.54606628417969
1678000642.190802,9352,98.32142639160156
1678000991.984294,9359,95.30426788330078
1678001231.33191,9365,102.81775665283203
1678001271.48285,9366,102.12004089355469
1678001702.711412,9372,-14.865423202514648
1678001987.304173,9377,98.3936538696289
1678002549.623534,9387,100.3634033203125
1678002956.703911,9397,101.340087890625
1678003260.219534,9403,102.271240234375
1678003695.665772,9409,-21.837547302246094
1678004175.754406,9418,98.81533813476562
1678005219.311164,9438,98.22978973388672
1678005341.160912,9441,97.89791107177734
1678005462.395338,9443,101.40653228759766
1678006149.684928,9455,-7.2328290939331055
1678006181.781328,9456,101.14900207519531
1678006539.296636,9464,91.05359649658203
1678006766.210877,9470,100.59068298339844
1678006837.004367,9472,98.41682434082031
1678007558.649168,9488,100.38129425048828
1678007585.225999,9489,103.64324188232422
1678007670.587315,9490,96.84400939941406
1678007804.057627,9492,94.37186431884766
1678009214.812175,9520,96.68170928955078
1678009374.780119,9524,100.09767150878906
1678010075.946692,9538,99.01535034179688
1678010503.889528,9547,98.78231048583984
1678010900.89247,9556,100.14904022216797
1678011685.829413,9566,-12.40328598022461
1678011927.601497,9571,100.63513946533203
1678012973.534084,9593,99.95059204101562
1678013421.514071,9601,101.06649017333984
1678013614.816737,9607,103.68450164794922
1678014202.558212,9620,101.15292358398438
1678016054.062875,9653,101.35433197021484
1678016741.478934,9668,-104.68931579589844
1678016910.412659,9671,99.82765197753906
1678016942.028042,9672,96.3883056640625
1678017037.387324,9675,101.01792907714844
1678017516.648097,9684,101.2988510131836
1678017809.316619,9688,100.0624771118164
1678017983.526341,9692,97.9581527709961
1678018558.602706,9704,101.81731414794922
1678018641.024289,9705,96.67897033691406
1678019071.481565,9712,100.76090240478516
1678020632.335117,9736,102.8488998413086
1678020689.449872,9738,101.22083282470703
1678021483.626919,9753,102.82523345947266
1678021584.239746,9754,90.3419189453125
1678021646.041873,9756,102.65425872802734
1678021793.565321,9760,99.70182037353516
1678021988.311879,9763,103.8899154663086
1678022590.913642,9772,103.01173400878906
1678023295.580748,9788,-24.016407012939453
1678023488.174118,9791,100.86148071289062
1678023772.997474,9798,102.99980926513672
1678024358.906948,9813,99.50604248046875
1678024950.532047,9824,102.92285919189453
1678025561.369155,9837,101.27771759033203
1678026406.064263,9850,-16.06087303161621
1678027046.647232,9864,99.5020523071289
1678027137.373034,9867,96.7607192993164
1678027538.887114,9874,100.99900817871094
1678028514.78628,9893,-13.578911781311035
1678028546.591962,9894,100.35572814941406
1678028995.387387,9901,101.93470001220703
1678029133.827602,9904,101.30680847167969
1678029232.096082,9907,102.74683380126953
1678029519.580188,9916,100.0482406616211
1678029571.911464,9917,102.59768676757812
1678029674.952019,9918,-24.37816047668457
1678030596.003725,9936,103.29227447509766
1678031032.267018,9944,-16.262542724609375
1678031250.512235,9948,95.892822265625
1678031301.837411,9949,100.70330047607422
1678031410.855883,9950,-10.38044548034668
1678031659.864386,9956,95.79336547851562
1678031881.644446,9960,-22.570602416992188
1678032684.120285,9973,101.84712982177734
1678033047.150148,9978,-13.025959014892578
1678033094.357706,9979,96.5322036743164
1678033214.894353,9982,99.15933990478516
1678033483.988016,9987,99.78215789794922
1678033913.819177,9993,91.2119140625
1678034278.617548,9999,98.10505676269531
